id,n_mut,muts,p_unpaired_15C,p_unpaired_20C,p_unpaired_37C,passes,notes,seq_rna,seq_dna
m67C>A_m63U>A,2,67C>A;63U>A,0.05583691,0.07193574,0.1987944,yes,,AAUCAAUAGCUAAAAUAAGUAACAUCAAAAAUAACGCGACUUUUAUCACUUUUUAGUAAAGUAACAAUGGACAAAGCGUACCACAAUUGGUGUACUGGUAACCGACACAGCAUUUGUGUCUAUUUUUCAUGUAAAGGUAAUUUUGAUGUCUAAGAUUAAAGGUAACGUUAAGUGGU,AATCAATAGCTAAAATAAGTAACATCAAAAATAACGCGACTTTTATCACTTTTTAGTAAAGTAACAATGGACAAAGCGTACCACAATTGGTGTACTGGTAACCGACACAGCATTTGTGTCTATTTTTCATGTAAAGGTAATTTTGATGTCTAAGATTAAAGGTAACGTTAAGTGGT
m67C>A,1,67C>A,0.04651664,0.06617168,0.2043396,yes,,AAUCAAUAGCUAAAAUAAGUAACAUCAAAAAUAACGCGACUUUUAUCACUUUUUAGUAAAGUUACAAUGGACAAAGCGUACCACAAUUGGUGUACUGGUAACCGACACAGCAUUUGUGUCUAUUUUUCAUGUAAAGGUAAUUUUGAUGUCUAAGAUUAAAGGUAACGUUAAGUGGU,AATCAATAGCTAAAATAAGTAACATCAAAAATAACGCGACTTTTATCACTTTTTAGTAAAGTTACAATGGACAAAGCGTACCACAATTGGTGTACTGGTAACCGACACAGCATTTGTGTCTATTTTTCATGTAAAGGTAATTTTGATGTCTAAGATTAAAGGTAACGTTAAGTGGT
m67C>A_m64A>G,2,67C>A;64A>G,0.0405863,0.05777125,0.2037813,yes,,AAUCAAUAGCUAAAAUAAGUAACAUCAAAAAUAACGCGACUUUUAUCACUUUUUAGUAAAGUUGCAAUGGACAAAGCGUACCACAAUUGGUGUACUGGUAACCGACACAGCAUUUGUGUCUAUUUUUCAUGUAAAGGUAAUUUUGAUGUCUAAGAUUAAAGGUAACGUUAAGUGGU,AATCAATAGCTAAAATAAGTAACATCAAAAATAACGCGACTTTTATCACTTTTTAGTAAAGTTGCAATGGACAAAGCGTACCACAATTGGTGTACTGGTAACCGACACAGCATTTGTGTCTATTTTTCATGTAAAGGTAATTTTGATGTCTAAGATTAAAGGTAACGTTAAGTGGT
m67C>A_m65C>A,2,67C>A;65C>A,0.03749344,0.06169044,0.2077041,yes,,AAUCAAUAGCUAAAAUAAGUAACAUCAAAAAUAACGCGACUUUUAUCACUUUUUAGUAAAGUUAAAAUGGACAAAGCGUACCACAAUUGGUGUACUGGUAACCGACACAGCAUUUGUGUCUAUUUUUCAUGUAAAGGUAAUUUUGAUGUCUAAGAUUAAAGGUAACGUUAAGUGGU,AATCAATAGCTAAAATAAGTAACATCAAAAATAACGCGACTTTTATCACTTTTTAGTAAAGTTAAAATGGACAAAGCGTACCACAATTGGTGTACTGGTAACCGACACAGCATTTGTGTCTATTTTTCATGTAAAGGTAATTTTGATGTCTAAGATTAAAGGTAACGTTAAGTGGT
m68U>A_m63U>A,2,68U>A;63U>A,0.03319878,0.0504197,0.181834,yes,,AAUCAAUAGCUAAAAUAAGUAACAUCAAAAAUAACGCGACUUUUAUCACUUUUUAGUAAAGUAACACAGGACAAAGCGUACCACAAUUGGUGUACUGGUAACCGACACAGCAUUUGUGUCUAUUUUUCAUGUAAAGGUAAUUUUGAUGUCUAAGAUUAAAGGUAACGUUAAGUGGU,AATCAATAGCTAAAATAAGTAACATCAAAAATAACGCGACTTTTATCACTTTTTAGTAAAGTAACACAGGACAAAGCGTACCACAATTGGTGTACTGGTAACCGACACAGCATTTGTGTCTATTTTTCATGTAAAGGTAATTTTGATGTCTAAGATTAAAGGTAACGTTAAGTGGT
m68U>A_m65C>A,2,68U>A;65C>A,0.03284531,0.05204465,0.1857011,yes,,AAUCAAUAGCUAAAAUAAGUAACAUCAAAAAUAACGCGACUUUUAUCACUUUUUAGUAAAGUUAAACAGGACAAAGCGUACCACAAUUGGUGUACUGGUAACCGACACAGCAUUUGUGUCUAUUUUUCAUGUAAAGGUAAUUUUGAUGUCUAAGAUUAAAGGUAACGUUAAGUGGU,AATCAATAGCTAAAATAAGTAACATCAAAAATAACGCGACTTTTATCACTTTTTAGTAAAGTTAAACAGGACAAAGCGTACCACAATTGGTGTACTGGTAACCGACACAGCATTTGTGTCTATTTTTCATGTAAAGGTAATTTTGATGTCTAAGATTAAAGGTAACGTTAAGTGGT
m68U>A_m64A>G,2,68U>A;64A>G,0.03042455,0.04578499,0.1876239,yes,,AAUCAAUAGCUAAAAUAAGUAACAUCAAAAAUAACGCGACUUUUAUCACUUUUUAGUAAAGUUGCACAGGACAAAGCGUACCACAAUUGGUGUACUGGUAACCGACACAGCAUUUGUGUCUAUUUUUCAUGUAAAGGUAAUUUUGAUGUCUAAGAUUAAAGGUAACGUUAAGUGGU,AATCAATAGCTAAAATAAGTAACATCAAAAATAACGCGACTTTTATCACTTTTTAGTAAAGTTGCACAGGACAAAGCGTACCACAATTGGTGTACTGGTAACCGACACAGCATTTGTGTCTATTTTTCATGTAAAGGTAATTTTGATGTCTAAGATTAAAGGTAACGTTAAGTGGT
m63U>A,1,63U>A,0.02986605,0.04686314,0.1716833,yes,,AAUCAAUAGCUAAAAUAAGUAACAUCAAAAAUAACGCGACUUUUAUCACUUUUUAGUAAAGUAACACUGGACAAAGCGUACCACAAUUGGUGUACUGGUAACCGACACAGCAUUUGUGUCUAUUUUUCAUGUAAAGGUAAUUUUGAUGUCUAAGAUUAAAGGUAACGUUAAGUGGU,AATCAATAGCTAAAATAAGTAACATCAAAAATAACGCGACTTTTATCACTTTTTAGTAAAGTAACACTGGACAAAGCGTACCACAATTGGTGTACTGGTAACCGACACAGCATTTGTGTCTATTTTTCATGTAAAGGTAATTTTGATGTCTAAGATTAAAGGTAACGTTAAGTGGT
m65C>A_m63U>A,2,65C>A;63U>A,0.02984488,0.04749135,0.1735849,yes,,AAUCAAUAGCUAAAAUAAGUAACAUCAAAAAUAACGCGACUUUUAUCACUUUUUAGUAAAGUAAAACUGGACAAAGCGUACCACAAUUGGUGUACUGGUAACCGACACAGCAUUUGUGUCUAUUUUUCAUGUAAAGGUAAUUUUGAUGUCUAAGAUUAAAGGUAACGUUAAGUGGU,AATCAATAGCTAAAATAAGTAACATCAAAAATAACGCGACTTTTATCACTTTTTAGTAAAGTAAAACTGGACAAAGCGTACCACAATTGGTGTACTGGTAACCGACACAGCATTTGTGTCTATTTTTCATGTAAAGGTAATTTTGATGTCTAAGATTAAAGGTAACGTTAAGTGGT
m64A>G_m63U>A,2,64A>G;63U>A,0.02918116,0.0423666,0.1601304,yes,,AAUCAAUAGCUAAAAUAAGUAACAUCAAAAAUAACGCGACUUUUAUCACUUUUUAGUAAAGUAGCACUGGACAAAGCGUACCACAAUUGGUGUACUGGUAACCGACACAGCAUUUGUGUCUAUUUUUCAUGUAAAGGUAAUUUUGAUGUCUAAGAUUAAAGGUAACGUUAAGUGGU,AATCAATAGCTAAAATAAGTAACATCAAAAATAACGCGACTTTTATCACTTTTTAGTAAAGTAGCACTGGACAAAGCGTACCACAATTGGTGTACTGGTAACCGACACAGCATTTGTGTCTATTTTTCATGTAAAGGTAATTTTGATGTCTAAGATTAAAGGTAACGTTAAGTGGT
m63U>C,1,63U>C,0.02870707,0.0415668,0.1606838,yes,,AAUCAAUAGCUAAAAUAAGUAACAUCAAAAAUAACGCGACUUUUAUCACUUUUUAGUAAAGUCACACUGGACAAAGCGUACCACAAUUGGUGUACUGGUAACCGACACAGCAUUUGUGUCUAUUUUUCAUGUAAAGGUAAUUUUGAUGUCUAAGAUUAAAGGUAACGUUAAGUGGU,AATCAATAGCTAAAATAAGTAACATCAAAAATAACGCGACTTTTATCACTTTTTAGTAAAGTCACACTGGACAAAGCGTACCACAATTGGTGTACTGGTAACCGACACAGCATTTGTGTCTATTTTTCATGTAAAGGTAATTTTGATGTCTAAGATTAAAGGTAACGTTAAGTGGT
m63U>G,1,63U>G,0.02801996,0.0451421,0.1721689,yes,,AAUCAAUAGCUAAAAUAAGUAACAUCAAAAAUAACGCGACUUUUAUCACUUUUUAGUAAAGUGACACUGGACAAAGCGUACCACAAUUGGUGUACUGGUAACCGACACAGCAUUUGUGUCUAUUUUUCAUGUAAAGGUAAUUUUGAUGUCUAAGAUUAAAGGUAACGUUAAGUGGU,AATCAATAGCTAAAATAAGTAACATCAAAAATAACGCGACTTTTATCACTTTTTAGTAAAGTGACACTGGACAAAGCGTACCACAATTGGTGTACTGGTAACCGACACAGCATTTGTGTCTATTTTTCATGTAAAGGTAATTTTGATGTCTAAGATTAAAGGTAACGTTAAGTGGT
m64A>G,1,64A>G,0.02768587,0.03885914,0.149995,yes,,AAUCAAUAGCUAAAAUAAGUAACAUCAAAAAUAACGCGACUUUUAUCACUUUUUAGUAAAGUUGCACUGGACAAAGCGUACCACAAUUGGUGUACUGGUAACCGACACAGCAUUUGUGUCUAUUUUUCAUGUAAAGGUAAUUUUGAUGUCUAAGAUUAAAGGUAACGUUAAGUGGU,AATCAATAGCTAAAATAAGTAACATCAAAAATAACGCGACTTTTATCACTTTTTAGTAAAGTTGCACTGGACAAAGCGTACCACAATTGGTGTACTGGTAACCGACACAGCATTTGTGTCTATTTTTCATGTAAAGGTAATTTTGATGTCTAAGATTAAAGGTAACGTTAAGTGGT
m65C>A,1,65C>A,0.02740701,0.04444593,0.1711567,yes,,AAUCAAUAGCUAAAAUAAGUAACAUCAAAAAUAACGCGACUUUUAUCACUUUUUAGUAAAGUUAAACUGGACAAAGCGUACCACAAUUGGUGUACUGGUAACCGACACAGCAUUUGUGUCUAUUUUUCAUGUAAAGGUAAUUUUGAUGUCUAAGAUUAAAGGUAACGUUAAGUGGU,AATCAATAGCTAAAATAAGTAACATCAAAAATAACGCGACTTTTATCACTTTTTAGTAAAGTTAAACTGGACAAAGCGTACCACAATTGGTGTACTGGTAACCGACACAGCATTTGTGTCTATTTTTCATGTAAAGGTAATTTTGATGTCTAAGATTAAAGGTAACGTTAAGTGGT
m64A>U,1,64A>U,0.02718658,0.04337096,0.1679352,yes,,AAUCAAUAGCUAAAAUAAGUAACAUCAAAAAUAACGCGACUUUUAUCACUUUUUAGUAAAGUUUCACUGGACAAAGCGUACCACAAUUGGUGUACUGGUAACCGACACAGCAUUUGUGUCUAUUUUUCAUGUAAAGGUAAUUUUGAUGUCUAAGAUUAAAGGUAACGUUAAGUGGU,AATCAATAGCTAAAATAAGTAACATCAAAAATAACGCGACTTTTATCACTTTTTAGTAAAGTTTCACTGGACAAAGCGTACCACAATTGGTGTACTGGTAACCGACACAGCATTTGTGTCTATTTTTCATGTAAAGGTAATTTTGATGTCTAAGATTAAAGGTAACGTTAAGTGGT
m65C>G,1,65C>G,0.02647498,0.04457574,0.1742369,yes,,AAUCAAUAGCUAAAAUAAGUAACAUCAAAAAUAACGCGACUUUUAUCACUUUUUAGUAAAGUUAGACUGGACAAAGCGUACCACAAUUGGUGUACUGGUAACCGACACAGCAUUUGUGUCUAUUUUUCAUGUAAAGGUAAUUUUGAUGUCUAAGAUUAAAGGUAACGUUAAGUGGU,AATCAATAGCTAAAATAAGTAACATCAAAAATAACGCGACTTTTATCACTTTTTAGTAAAGTTAGACTGGACAAAGCGTACCACAATTGGTGTACTGGTAACCGACACAGCATTTGTGTCTATTTTTCATGTAAAGGTAATTTTGATGTCTAAGATTAAAGGTAACGTTAAGTGGT
m65C>A_m64A>G,2,65C>A;64A>G,0.02583651,0.04218353,0.1676262,yes,,AAUCAAUAGCUAAAAUAAGUAACAUCAAAAAUAACGCGACUUUUAUCACUUUUUAGUAAAGUUGAACUGGACAAAGCGUACCACAAUUGGUGUACUGGUAACCGACACAGCAUUUGUGUCUAUUUUUCAUGUAAAGGUAAUUUUGAUGUCUAAGAUUAAAGGUAACGUUAAGUGGU,AATCAATAGCTAAAATAAGTAACATCAAAAATAACGCGACTTTTATCACTTTTTAGTAAAGTTGAACTGGACAAAGCGTACCACAATTGGTGTACTGGTAACCGACACAGCATTTGTGTCTATTTTTCATGTAAAGGTAATTTTGATGTCTAAGATTAAAGGTAACGTTAAGTGGT
m67C>G,1,67C>G,0.02562595,0.04024759,0.1664207,yes,,AAUCAAUAGCUAAAAUAAGUAACAUCAAAAAUAACGCGACUUUUAUCACUUUUUAGUAAAGUUACAGUGGACAAAGCGUACCACAAUUGGUGUACUGGUAACCGACACAGCAUUUGUGUCUAUUUUUCAUGUAAAGGUAAUUUUGAUGUCUAAGAUUAAAGGUAACGUUAAGUGGU,AATCAATAGCTAAAATAAGTAACATCAAAAATAACGCGACTTTTATCACTTTTTAGTAAAGTTACAGTGGACAAAGCGTACCACAATTGGTGTACTGGTAACCGACACAGCATTTGTGTCTATTTTTCATGTAAAGGTAATTTTGATGTCTAAGATTAAAGGTAACGTTAAGTGGT
m64A>C,1,64A>C,0.02544159,0.04204314,0.1683189,yes,,AAUCAAUAGCUAAAAUAAGUAACAUCAAAAAUAACGCGACUUUUAUCACUUUUUAGUAAAGUUCCACUGGACAAAGCGUACCACAAUUGGUGUACUGGUAACCGACACAGCAUUUGUGUCUAUUUUUCAUGUAAAGGUAAUUUUGAUGUCUAAGAUUAAAGGUAACGUUAAGUGGU,AATCAATAGCTAAAATAAGTAACATCAAAAATAACGCGACTTTTATCACTTTTTAGTAAAGTTCCACTGGACAAAGCGTACCACAATTGGTGTACTGGTAACCGACACAGCATTTGTGTCTATTTTTCATGTAAAGGTAATTTTGATGTCTAAGATTAAAGGTAACGTTAAGTGGT
m68U>A_m67C>A,2,68U>A;67C>A,0.02345842,0.04176203,0.1762192,yes,,AAUCAAUAGCUAAAAUAAGUAACAUCAAAAAUAACGCGACUUUUAUCACUUUUUAGUAAAGUUACAAAGGACAAAGCGUACCACAAUUGGUGUACUGGUAACCGACACAGCAUUUGUGUCUAUUUUUCAUGUAAAGGUAAUUUUGAUGUCUAAGAUUAAAGGUAACGUUAAGUGGU,AATCAATAGCTAAAATAAGTAACATCAAAAATAACGCGACTTTTATCACTTTTTAGTAAAGTTACAAAGGACAAAGCGTACCACAATTGGTGTACTGGTAACCGACACAGCATTTGTGTCTATTTTTCATGTAAAGGTAATTTTGATGTCTAAGATTAAAGGTAACGTTAAGTGGT
m68U>A,1,68U>A,0.01977714,0.03286114,0.17076,yes,,AAUCAAUAGCUAAAAUAAGUAACAUCAAAAAUAACGCGACUUUUAUCACUUUUUAGUAAAGUUACACAGGACAAAGCGUACCACAAUUGGUGUACUGGUAACCGACACAGCAUUUGUGUCUAUUUUUCAUGUAAAGGUAAUUUUGAUGUCUAAGAUUAAAGGUAACGUUAAGUGGU,AATCAATAGCTAAAATAAGTAACATCAAAAATAACGCGACTTTTATCACTTTTTAGTAAAGTTACACAGGACAAAGCGTACCACAATTGGTGTACTGGTAACCGACACAGCATTTGTGTCTATTTTTCATGTAAAGGTAATTTTGATGTCTAAGATTAAAGGTAACGTTAAGTGGT
m68U>G,1,68U>G,0.01186173,0.02392601,0.1711375,yes,,AAUCAAUAGCUAAAAUAAGUAACAUCAAAAAUAACGCGACUUUUAUCACUUUUUAGUAAAGUUACACGGGACAAAGCGUACCACAAUUGGUGUACUGGUAACCGACACAGCAUUUGUGUCUAUUUUUCAUGUAAAGGUAAUUUUGAUGUCUAAGAUUAAAGGUAACGUUAAGUGGU,AATCAATAGCTAAAATAAGTAACATCAAAAATAACGCGACTTTTATCACTTTTTAGTAAAGTTACACGGGACAAAGCGTACCACAATTGGTGTACTGGTAACCGACACAGCATTTGTGTCTATTTTTCATGTAAAGGTAATTTTGATGTCTAAGATTAAAGGTAACGTTAAGTGGT
m68U>C,1,68U>C,0.00759353,0.01573068,0.1372643,yes,,AAUCAAUAGCUAAAAUAAGUAACAUCAAAAAUAACGCGACUUUUAUCACUUUUUAGUAAAGUUACACCGGACAAAGCGUACCACAAUUGGUGUACUGGUAACCGACACAGCAUUUGUGUCUAUUUUUCAUGUAAAGGUAAUUUUGAUGUCUAAGAUUAAAGGUAACGUUAAGUGGU,AATCAATAGCTAAAATAAGTAACATCAAAAATAACGCGACTTTTATCACTTTTTAGTAAAGTTACACCGGACAAAGCGTACCACAATTGGTGTACTGGTAACCGACACAGCATTTGTGTCTATTTTTCATGTAAAGGTAATTTTGATGTCTAAGATTAAAGGTAACGTTAAGTGGT
